Workbook

Sheet Lançamentos
A1: Data | B1: Descrição | C1: Categoria | D1: Valor (R$) | E1: Tipo (Entrada/Saída) | F1: Comprovante (link)
A2: 2026-01-21 | B2: Cota inicial - Noemi | C2: Contribuição inicial de cotistas | D2: 300 | E2: Entrada
A3: 2026-01-21 | B3: Cota inicial - Maira | C3: Contribuição inicial de cotistas | D3: 300 | E3: Entrada
A4: 2026-01-21 | B4: Cota inicial - Aislan/Ivyh | C4: Contribuição inicial de cotistas | D4: 300 | E4: Entrada
A5: 2026-01-22 | B5: Cota inicial - Corina | C5: Contribuição inicial de cotistas | D5: 300 | E5: Entrada
A6: 2026-01-22 | B6: Cota inicial - Patrícia | C6: Contribuição inicial de cotistas | D6: 300 | E6: Entrada
A7: 2026-01-22 | B7: Cota inicial - Marina | C7: Contribuição inicial de cotistas | D7: 300 | E7: Entrada
A8: 2026-01-22 | B8: Cota inicial - Iram | C8: Contribuição inicial de cotistas | D8: 300 | E8: Entrada
A9: 2026-01-22 | B9: Cota inicial - Estevão | C9: Contribuição inicial de cotistas | D9: 300 | E9: Entrada
A10: 2026-01-22 | B10: Cota inicial - Diego | C10: Contribuição inicial de cotistas | D10: 300 | E10: Entrada
A11: 2026-01-22 | B11: Cota inicial - Flávia | C11: Contribuição inicial de cotistas | D11: 300 | E11: Entrada
A12: 2026-01-24 | B12: Cota inicial - Isa | C12: Contribuição inicial de cotistas | D12: 300 | E12: Entrada
A13: 2026-01-27 | B13: Cota inicial - Ina | C13: Contribuição inicial de cotistas | D13: 300 | E13: Entrada
... A48: 2026-04-13 | B48: Mensalidade - Marina | C48: Contribuição mensal de cotistas | D48: 50 | E48: Entrada

Sheet Categorias
A1: CATEGORIAS DE ENTRADA
A3: Contribuição inicial de cotistas
A4: Contribuição mensal de cotistas
A5: Doações
A6: Venda de excedentes
A8: CATEGORIAS DE SAÍDA
A10: Compra de materiais
A11: Contas (luz, internet)
A12: Alimentação comunitária
A13: Transporte
A14: Taxas

Sheet Painel Cotista
A1: 🌿 CANAÃ COMODIDADES — FINANÇAS ABERTAS
A2: Atualizado em: 11/05/2026 | 13 cotistas
A4: SALDO ATUAL | C4: ENTRADAS DO MÊS | E4: SAÍDAS DO MÊS
A5: =SUMIF(Lançamentos!E:E,"Entrada",Lançamentos!D:D)-SUMIF(Lançamentos!E:E,"Saída",Lançamentos!D:D) | C5: =SUMIFS(Lançamentos!D:D,Lançamentos!E:E,"Entrada",Lançamentos!A:A,">=01/05/2026",Lançamentos!A:A,"<=31/05/2026") | E5: =SUMIFS(Lançamentos!D:D,Lançamentos!E:E,"Saída",Lançamentos!A:A,">=01/05/2026",Lançamentos!A:A,"<=31/05/2026")
A6: DISTRIBUIÇÃO POR CATEGORIA (SAÍDAS DO MÊS)
A7: Categoria | B7: Valor (R$) | C7: % do Total
A8: Compra de materiais | B8: =SUMIFS(Lançamentos!D:D,Lançamentos!C:C,"Compra de materiais",Lançamentos!E:E,"Saída",Lançamentos!A:A,">=01/05/2026",Lançamentos!A:A,"<=31/05/2026") | C8: =IF($E$5=0,0,B8/$E$5)
A9: Contas (luz, internet) | B9: =SUMIFS(Lançamentos!D:D,Lançamentos!C:C,"Contas (luz, internet)",Lançamentos!E:E,"Saída",Lançamentos!A:A,">=01/05/2026",Lançamentos!A:A,"<=31/05/2026") | C9: =IF($E$5=0,0,B9/$E$5)
A10: Alimentação comunitária | B10: =SUMIFS(Lançamentos!D:D,Lançamentos!C:C,"Alimentação comunitária",Lançamentos!E:E,"Saída",Lançamentos!A:A,">=01/05/2026",Lançamentos!A:A,"<=31/05/2026") | C10: =IF($E$5=0,0,B10/$E$5)
A11: Transporte | B11: =SUMIFS(Lançamentos!D:D,Lançamentos!C:C,"Transporte",Lançamentos!E:E,"Saída",Lançamentos!A:A,">=01/05/2026",Lançamentos!A:A,"<=31/05/2026") | C11: =IF($E$5=0,0,B11/$E$5)
A12: Taxas | B12: =SUMIFS(Lançamentos!D:D,Lançamentos!C:C,"Taxas",Lançamentos!E:E,"Saída",Lançamentos!A:A,">=01/05/2026",Lançamentos!A:A,"<=31/05/2026") | C12: =IF($E$5=0,0,B12/$E$5)
A13: TOTAL SAÍDAS | B13: =SUM(B8:B12) | C13: =SUM(C8:C12)
A16: HISTÓRICO MENSAL (últimos 6 meses)
A17: Mês | B17: Entradas | C17: Saídas
A18: Dez/2025 | B18: =SUMIFS(Lançamentos!D:D,Lançamentos!E:E,"Entrada",Lançamentos!A:A,">=01/12/2025",Lançamentos!A:A,"<=31/12/2025") | C18: =SUMIFS(Lançamentos!D:D,Lançamentos!E:E,"Saída",Lançamentos!A:A,">=01/12/2025",Lançamentos!A:A,"<=31/12/2025")
A19: Jan/2026 | B19: =SUMIFS(Lançamentos!D:D,Lançamentos!E:E,"Entrada",Lançamentos!A:A,">=01/01/2026",Lançamentos!A:A,"<=31/01/2026") | C19: =SUMIFS(Lançamentos!D:D,Lançamentos!E:E,"Saída",Lançamentos!A:A,">=01/01/2026",Lançamentos!A:A,"<=31/01/2026")
A20: Fev/2026 | B20: =SUMIFS(Lançamentos!D:D,Lançamentos!E:E,"Entrada",Lançamentos!A:A,">=01/02/2026",Lançamentos!A:A,"<=28/02/2026") | C20: =SUMIFS(Lançamentos!D:D,Lançamentos!E:E,"Saída",Lançamentos!A:A,">=01/02/2026",Lançamentos!A:A,"<=28/02/2026")
A21: Mar/2026 | B21: =SUMIFS(Lançamentos!D:D,Lançamentos!E:E,"Entrada",Lançamentos!A:A,">=01/03/2026",Lançamentos!A:A,"<=31/03/2026") | C21: =SUMIFS(Lançamentos!D:D,Lançamentos!E:E,"Saída",Lançamentos!A:A,">=01/03/2026",Lançamentos!A:A,"<=31/03/2026")
A22: Abr/2026 | B22: =SUMIFS(Lançamentos!D:D,Lançamentos!E:E,"Entrada",Lançamentos!A:A,">=01/04/2026",Lançamentos!A:A,"<=30/04/2026") | C22: =SUMIFS(Lançamentos!D:D,Lançamentos!E:E,"Saída",Lançamentos!A:A,">=01/04/2026",Lançamentos!A:A,"<=30/04/2026")
A23: Mai/2026 | B23: =SUMIFS(Lançamentos!D:D,Lançamentos!E:E,"Entrada",Lançamentos!A:A,">=01/05/2026",Lançamentos!A:A,"<=31/05/2026") | C23: =SUMIFS(Lançamentos!D:D,Lançamentos!E:E,"Saída",Lançamentos!A:A,">=01/05/2026",Lançamentos!A:A,"<=31/05/2026")
A24: ÚLTIMAS TRANSAÇÕES
A25: Data | B25: Descrição | C25: Categoria | D25: Valor (R$) | E25: Tipo
A26: =Lançamentos!A39 | B26: =Lançamentos!B39 | C26: =Lançamentos!C39 | D26: =Lançamentos!D39 | E26: =Lançamentos!E39
A27: =Lançamentos!A40 | B27: =Lançamentos!B40 | C27: =Lançamentos!C40 | D27: =Lançamentos!D40 | E27: =Lançamentos!E40
A28: =Lançamentos!A41 | B28: =Lançamentos!B41 | C28: =Lançamentos!C41 | D28: =Lançamentos!D41 | E28: =Lançamentos!E41
A29: =Lançamentos!A42 | B29: =Lançamentos!B42 | C29: =Lançamentos!C42 | D29: =Lançamentos!D42 | E29: =Lançamentos!E42
A30: =Lançamentos!A43 | B30: =Lançamentos!B43 | C30: =Lançamentos!C43 | D30: =Lançamentos!D43 | E30: =Lançamentos!E43
A31: =Lançamentos!A44 | B31: =Lançamentos!B44 | C31: =Lançamentos!C44 | D31: =Lançamentos!D44 | E31: =Lançamentos!E44
A32: =Lançamentos!A45 | B32: =Lançamentos!B45 | C32: =Lançamentos!C45 | D32: =Lançamentos!D45 | E32: =Lançamentos!E45
A33: =Lançamentos!A46 | B33: =Lançamentos!B46 | C33: =Lançamentos!C46 | D33: =Lançamentos!D46 | E33: =Lançamentos!E46
A34: =Lançamentos!A47 | B34: =Lançamentos!B47 | C34: =Lançamentos!C47 | D34: =Lançamentos!D47 | E34: =Lançamentos!E47
A35: =Lançamentos!A48 | B35: =Lançamentos!B48 | C35: =Lançamentos!C48 | D35: =Lançamentos!D48 | E35: =Lançamentos!E48
