Workbook

Sheet Cadastro
A1: Data de Entrada | B1: Objeto | C1: Categoria | D1: Descrição | E1: Qtdd | F1: Local/Área | G1: Estado | H1: Responsável/Origem | I1: Valor Estimado (R$) | J1: Disponibilidade | K1: Origem | L1: Foto/Link
A2: 2026-01-21 | B2: Pratos | C2: Cozinha | D2: Porcelana branca lisa | E2: 10 | F2: Cozinha comunitária | G2: Bom | H2: Ina | I2: 140 | J2: Disponível | K2: Compra coletiva
A3: 2026-01-21 | B3: Botijão de gás | C3: Cozinha | D3: Botijão P13 | E3: 1 | F3: Cozinha comunitária | G3: Bom | H3: Ivyh | I3: 300 | J3: Em uso | K3: Compra coletiva
A4: 2026-01-21 | B4: Garrafa térmica chá | C4: Cozinha | D4: Plástico, preto, modelo pump | E4: 1 | F4: Cozinha comunitária | G4: Bom | H4: Maira | I4: 60 | J4: Disponível | K4: Compra coletiva
A5: 2026-01-21 | B5: Talheres | C5: Cozinha | D5: Jogo de inox com cabo de plástico preto | E5: 6 | F5: Cozinha comunitária | G5: Bom | H5: Comunidade | I5: 204 | J5: Disponível | K5: Compra coletiva
A6: 2026-01-21 | B6: Porta talheres | C6: Cozinha | D6: Plástico, preto | E6: 1 | F6: Cozinha comunitária | G6: Bom | H6: Comunidade | I6: 25 | J6: Disponível | K6: Compra coletiva
A7: 2026-01-21 | B7: Concha | C7: Cozinha | D7: Plástico preto | E7: 1 | F7: Cozinha comunitária | G7: Bom | H7: Comunidade | I7: 10 | J7: Disponível | K7: Compra coletiva
A8: 2026-01-21 | B8: Copos de vidro | C8: Cozinha | D8: Americano, Nadir, caixa com 24 x 180ml | E8: 1 | F8: Cozinha comunitária | G8: Bom | H8: Comunidade | I8: 36 | J8: Disponível | K8: Compra coletiva
A9: 2026-01-21 | B9: Colher | C9: Cozinha | D9: Plástico preto | E9: 1 | F9: Cozinha comunitária | G9: Bom | H9: Comunidade | I9: 10 | J9: Disponível | K9: Compra coletiva
A10: 2026-01-21 | B10: Espátula | C10: Cozinha | D10: Plástico preto | E10: 1 | F10: Cozinha comunitária | G10: Bom | H10: Comunidade | I10: 10 | J10: Disponível | K10: Compra coletiva
A11: 2026-01-21 | B11: Tábua de corte | C11: Cozinha | D11: Plástico branco | E11: 1 | F11: Cozinha comunitária | G11: Bom | H11: Comunidade | I11: 26 | J11: Disponível | K11: Compra coletiva
A12: 2026-01-21 | B12: Cadeados com senha | C12: Infraestrutura | D12: Cadeados com senha numérica | E12: 1 | F12: Depósito | G12: Bom | H12: Noemi | I12: 20 | J12: Disponível | K12: Compra coletiva
A13: 2026-01-21 | B13: Cadeiras | C13: Cozinha | D13: Plástico Bistro Branca | E13: 28 | F13: Área coletiva | G13: Bom | H13: Comunidade | I13: 1260 | J13: Disponível | K13: Compra coletiva
... A43: 2025-11-20 | B43: Macarrão de isopor | C43: Lazer | D43: Azul | E43: 2 | F43: Área de lazer | G43: Bom | H43: Maira | I43: 0 | J43: Disponível | K43: Doação

Sheet Categorias
A1: CATEGORIAS DO ACERVO
A3: Cozinha
A4: Banheiro
A5: Lazer
A6: Infraestrutura
A7: Ferramentas
A8: Eletrônicos
A9: Saúde
A10: Mobília
A11: Outros
A13: STATUS POSSÍVEIS
A14: Bom
... A25: Indisponível

Sheet Painel Acervo
A1: 📦 CANAÃ COMODIDADES — ACERVO COMUNITÁRIO
A2: Inventário público atualizado em: 11/05/2026
A4: TOTAL DE ITENS | C4: VALOR ESTIMADO DO ACERVO | E4: ITENS DISPONÍVEIS | G4: ITENS EM USO
A5: =COUNTA(Cadastro!B:B)-1 | C5: =SUM(Cadastro!I:I) | E5: =COUNTIF(Cadastro!J:J,"Disponível") | G5: =COUNTIF(Cadastro!J:J,"Em uso")
A6: DISTRIBUIÇÃO POR CATEGORIA
A7: Categoria | B7: Quantidade | C7: Valor Estimado
A8: Cozinha | B8: =COUNTIF(Cadastro!C:C,"Cozinha") | C8: =SUMIF(Cadastro!C:C,"Cozinha",Cadastro!I:I)
A9: Banheiro | B9: =COUNTIF(Cadastro!C:C,"Banheiro") | C9: =SUMIF(Cadastro!C:C,"Banheiro",Cadastro!I:I)
A10: Lazer | B10: =COUNTIF(Cadastro!C:C,"Lazer") | C10: =SUMIF(Cadastro!C:C,"Lazer",Cadastro!I:I)
A11: Infraestrutura | B11: =COUNTIF(Cadastro!C:C,"Infraestrutura") | C11: =SUMIF(Cadastro!C:C,"Infraestrutura",Cadastro!I:I)
A12: Ferramentas | B12: =COUNTIF(Cadastro!C:C,"Ferramentas") | C12: =SUMIF(Cadastro!C:C,"Ferramentas",Cadastro!I:I)
A13: Eletrônicos | B13: =COUNTIF(Cadastro!C:C,"Eletrônicos") | C13: =SUMIF(Cadastro!C:C,"Eletrônicos",Cadastro!I:I)
A14: Saúde | B14: =COUNTIF(Cadastro!C:C,"Saúde") | C14: =SUMIF(Cadastro!C:C,"Saúde",Cadastro!I:I)
A15: Mobília | B15: =COUNTIF(Cadastro!C:C,"Mobília") | C15: =SUMIF(Cadastro!C:C,"Mobília",Cadastro!I:I)
A16: TOTAL | B16: =SUM(B8:B15) | C16: =SUM(C8:C15)
A17: DISPONIBILIDADE DOS ITENS
A18: Status | B18: Quantidade
A19: Disponível | B19: =COUNTIF(Cadastro!J:J,"Disponível")
A20: Em uso | B20: =COUNTIF(Cadastro!J:J,"Em uso")
A21: Emprestado | B21: =COUNTIF(Cadastro!J:J,"Emprestado")
A22: ÚLTIMOS ITENS CADASTRADOS
A23: Data | B23: Objeto | C23: Categoria | D23: Local | E23: Disponibilidade | F23: Responsável | G23: Valor
A24: =Cadastro!A39 | B24: =Cadastro!B39 | C24: =Cadastro!C39 | D24: =Cadastro!F39 | E24: =Cadastro!J39 | F24: =Cadastro!H39 | G24: =Cadastro!I39
A25: =Cadastro!A40 | B25: =Cadastro!B40 | C25: =Cadastro!C40 | D25: =Cadastro!F40 | E25: =Cadastro!J40 | F25: =Cadastro!H40 | G25: =Cadastro!I40
A26: =Cadastro!A41 | B26: =Cadastro!B41 | C26: =Cadastro!C41 | D26: =Cadastro!F41 | E26: =Cadastro!J41 | F26: =Cadastro!H41 | G26: =Cadastro!I41
A27: =Cadastro!A42 | B27: =Cadastro!B42 | C27: =Cadastro!C42 | D27: =Cadastro!F42 | E27: =Cadastro!J42 | F27: =Cadastro!H42 | G27: =Cadastro!I42
A28: =Cadastro!A43 | B28: =Cadastro!B43 | C28: =Cadastro!C43 | D28: =Cadastro!F43 | E28: =Cadastro!J43 | F28: =Cadastro!H43 | G28: =Cadastro!I43
